plan_id,energy_pj,latency_ns,area_um2,error_rms_bound,analysis_kind,components,fanout_rules
plan-4d5d6b1a32510d6d675e9a6cd12ac55d051e89d54c1d78f43cb72fae0e7307ca,4.914041980461331,4.15,56.8,0.020559533968930517,exact_affine_gaussian,"{""left"": ""optical_programmable"", ""right"": ""optical_programmable"", ""sum"": ""optical_fixed"", ""x"": ""optical_encoder""}","{""x"": ""passive_sensitivity""}"
plan-4cb3aca327a84c1500b2a2f64c213d90c236dd902f83030ab545009627a21763,5.034547228018997,4.15,57.0,0.017653204057343132,exact_affine_gaussian,"{""left"": ""optical_programmable"", ""right"": ""optical_programmable"", ""sum"": ""optical_fixed"", ""x"": ""optical_encoder""}","{""x"": ""source_boost_2""}"
plan-39c896fcbe5f73b6af906a318585a9f31ff3304b58f83ee7e49fe68e3e7af502,6.07555772313433,4.45,67.0,0.015274300014769138,exact_affine_gaussian,"{""left"": ""optical_programmable"", ""right"": ""optical_programmable"", ""sum"": ""optical_programmable"", ""x"": ""optical_encoder""}","{""x"": ""source_boost_2""}"
plan-a33fce7bbcfd1f61c5cc50ba248d6bb1be05965dd58ee9b87b58a47365de62a9,6.9755577231343295,4.4,61.0,0.016079215354965943,exact_affine_gaussian,"{""left"": ""optical_programmable"", ""right"": ""optical_programmable"", ""sum"": ""optical_fixed"", ""x"": ""optical_encoder""}","{""x"": ""amplify_4""}"
plan-78f37ecd2f515869d84da49ba37176119220050c485b8aea8fd50f306f32d266,8.016568218249663,4.7,71.0,0.013424224144521461,exact_affine_gaussian,"{""left"": ""optical_programmable"", ""right"": ""optical_programmable"", ""sum"": ""optical_programmable"", ""x"": ""optical_encoder""}","{""x"": ""amplify_4""}"
plan-de6041856cca5746063a6aceb6685165989d27ab9931bfc136600b91b1f10547,9.384547228018997,6.7,75.5,0.010952207942854692,exact_affine_gaussian,"{""left"": ""optical_programmable"", ""right"": ""optical_programmable"", ""sum"": ""optical_programmable"", ""x"": ""digital_input""}","{""x"": ""digital_buffer""}"
plan-ed1804678dec3ebbc3210cc6527e34f4f5ad91837daf653d41acec40577fb823,13.123031485345999,8.9,76.5,0.009047384845855712,exact_affine_gaussian,"{""left"": ""optical_programmable"", ""right"": ""optical_programmable"", ""sum"": ""digital_fixed"", ""x"": ""digital_input""}","{""x"": ""digital_buffer""}"
plan-67165a6aa1ac3a9a5ff77c8f088459178e83ded4c4d2f3338722aaf5bf9c5b09,16.723031485346,11.9,87.5,0.008989169736356058,exact_affine_gaussian,"{""left"": ""digital_programmable"", ""right"": ""optical_programmable"", ""sum"": ""optical_programmable"", ""x"": ""digital_input""}","{""x"": ""digital_buffer""}"
plan-275155e8b65cf203d0e87036411ec0dde5feb7035e6990a642169aef645d057a,16.961515742673,9.6,75.5,0.006397615671053538,exact_affine_gaussian,"{""left"": ""digital_programmable"", ""right"": ""optical_programmable"", ""sum"": ""digital_fixed"", ""x"": ""digital_input""}","{""x"": ""digital_buffer""}"
plan-df2eaf69611f816aa72ae06e2641e89c87f59bd8bdafa9ad79d44bb928529b2f,20.799999999999997,9.6,74.5,0.00033166247903553995,exact_affine_gaussian,"{""left"": ""digital_programmable"", ""right"": ""digital_programmable"", ""sum"": ""digital_fixed"", ""x"": ""digital_input""}","{""x"": ""digital_buffer""}"
